Filename,Filepic,Geo,Type,,
Brunssumerheide,1_1brunssumerheide.jpg,"50.92846582457427, 5.999300642785205",tree,,
Schutterspark,1_2schutterspark.jpg,"50.94616095335673, 5.985057546145458",tree,,
Trap Wilhelminaberg,1_3trapwilhelminaberg.jpg,"50.87692642030473, 6.02361718636799",tree,,
Preuverie Auwt Gäöl,2_1preuverie.jpg,"50.924116555015495, 5.739413093252714",food,,
WINDRAAK31,2_2placeholder.jpg,"50.97261991450792, 5.889248064289085",food,,
Omnomnom Sittard,2_3placeholder.jpg,"50.99919272799313, 5.863809493071918",food,,
Café aan de Müehle,3_1cafeaandemuhle.jpg,"51.03261423135201, 5.987850408513435",city,,
De Hompesche Molen,3_2hompeschemolen.jpg,"51.12035267479848, 5.836605206619719",city,,
